- Du holst noch Exemplare für uns, oder?	- Ich werd's meiner Sekretärin sagen.	1
Haben Sie irgendwelche Nachrichten für mich?	Ich werde nachsehen, Sir.	1
Logan, möchten Sie noch Kaffee oder ein Dessert?	Danke, Emily.	1
- Ist sie die neue Reporterin?	- Ich warte noch auf eine Antwort.	1
- Der Hund ist schläfrig, oder?	Ihm ging's gut, bevor du angekommen bist.	1
Warte, hast du nicht schon ermittelt das du ein DNS Treffer für ihn bist?	Da gibt es nichts zu bestimmen.	5
- Aber sie war doch hier?	- Richtig.	1
$160 für einen Haarschnitt und eine Maniküre?	Ich kann das erklären.	1
Glaubst du, er ist echt?	Ich weiß nicht, ob Smiley echt ist.	5
Du nennst mich ein Mädchen?	Wenn der Gürtel passt.	1
- Dann sind wir fertig?	- Und wie.	1
Du weißt schon, dass wir dabei alle draufgehen werden?	- Zumindest treten wir mit etwas Stil ab.	1
Richard, ist das aus dem Poolhaus?	Ich hab das noch nie gesehen, aber man weiß nie.	5
- Willst du mir in den Bauch schlagen?	- Das lasse ich lieber.	5
Gefällt dir das Geschenk nicht?	Ich liebe das Auto und ich liebe dich so sehr,... doch es fühlt sich nicht richtig an, es zu fahren, bevor ich mich um ein paar Dinge gekümmert habe.	5
Können wir uns das wieder einfangen?	Das ist genau das, was du tust!	5
Ist das meine Strafe?	Was, du denkst deinem alten Herren zu helfen ist eine Strafe?	5
Siehst du etwas, das dir gefällt?	Was?	5
Ist die geisteskrank?	Die wollen sich nur amüsieren.	5
- Oder hast du dich schlecht gefühlt?	- Ich habe es nicht gemocht.	1
Alles okay, Eric?	Alles ist nichts.	1
Sie sprachen ihn?	- Nie.	1
Kann sie zaubern?	Niemand ist wie du, Merlin.	5
Sag mal, Luke, hat Taylor kompromittierende Fotos von dir?	Das ist kein Scherz.	5
Sollten wir so 'ne Party für sie schmeißen?	Keine Ahnung.	2
Sie wollen, dass ich nichts tue?	Halten Sie sich aus allem Ärger raus, um mehr bitte ich Sie nicht.	5
Kannst du mir jemals vergeben?	- Für was?	5
Kann er auf die Art gewinnen?	Zweifelsohne kann er das nicht.	1
Sookie, weißt du, wo Michel ist?	Er wollte 'n Wagen besorgen, der die Martins nach Foxwoods bringt.	5
- Gehen Sie auch bald heim?	Wo soll ich sonst hin?	5
- Mein Gott, liegt es daran, dass du Schwestern hast?	Es liegt daran, dass ich Schwestern habe!	1
- Sie wollen den Fall niederlegen?	- Nicht ganz.	1
Verkaufst du auch mal was?	- Gut Ding will Weile haben.	5
Schenken wir ihm einen 50'er oder 100'er?	Scheiß drauf, der verdient nicht mal einen 20'er.	5
- Na, nervös?	- 'n bisschen schon.	1
Hast du sie wirklich umgebracht?	Es war ein Unfall.	1
Willst du mir etwas ankündigen?	Ich hab Champagner gekauft.	5
- Rollig wie eine Katze, oder?	- Richtig.	1
Hat Ihnen die Show gefallen?	Ich habe sie gar nicht gesehen.	2
Hast du Feuer?	- Dafür bist du den ganzen Weg gekommen?	5
- Ist Paris da draußen?	- Allerdings.	1
- Weißt du noch ihre Namen?	- Mist!	2
Kannst du Eddie wegen des Wagens für die Martins fragen?	Natürlich.	1
- Onkel Kasim, fährt dein Auto wieder?	- Der junge Mann hat's repariert.	1
Suchen Sie ein Haus?	Mehr oder weniger.	1
dass ich jetzt gern mit dir schlafen würde?	Wieso sollte das seltsam sein?	5
Bin ich in ein Fettnäpfchen getreten?	Keine Ahnung.	1
- Alles cool zwischen uns?	- Alles cool zwischen uns.	1
Bist du Ärztin?	Ein Jahr Medizinschule ehe ich abging.	5
Bist du soweit?	- Eigentlich sind wir fast fertig.	1
Verdrücken wir uns?	- Aber es ist noch nicht zu Ende.	5
Oh, Sir, haben Sie Tony gesehen?	- Er ist gerade nach Hause gegangen.	1
Ist das der Kerl, der zwei Mädchen in einem Doppelstockbett geknattert hat, ohne das die jeweils andere etwas davon mitbekommen hat?	Glaub mir mal, es wurde bemerkt.	5
Also, Herr Hoteldirektor, darf ich Ihnen etwas zu trinken bringen?	- Klar, keine schlechte Idee.	1
Ist das Ihr Entwurf?	- Es ist unsere Heimatstadt.	1
AnnaBeth, sind das etwa Petit Fours?	Hast du irgendwas am Kopf?	5
- Den Typen muss ich feuern, was?	- Meinst du?	5
Ist das hier Long Tieng?	- Genau.	1
Sie nennen mich Arschloch, Sie Arschloch?	Ich hab Sie Anus genannt, Anus.	5
- Streiten sie sich?	- Ich weiß nicht.	1
Kannst du dir vorstellen, wie sehr du mir wehtust?	Und was ist mit mir, Kathy?	5
- Genau jetzt?	- Genau jetzt. Happy Birthday.	1
- Wollen wir heiraten?	- Männer heiraten nicht mit Männern!	1
- Haben Sie seine Familie verständigt?	- Nur das amerikanische Konsulat.	1
Hast du denn gar nichts gelernt?	Tut mir leid.	5
- Rufst du mich aus der Hütte mal an?	- Klar doch.	1
Könnte ich bitte zwei Bier und drei von diesen pinken Eiern aus dem großen Glas haben?	Alles klar.	1
- Hast du Ian gebumst?	- Sei nicht albern.	5
Sprachen Sie mit ihm?	Er liegt im Koma.	5
Du ziehst diese ganze Charade durch, weil du mich zum Abnehmen bringen wolltest?	- Definiere Charade". "	1
Kann ich dir einen ausgeben?	Ist das Hotel in der Nähe?	5
- Gehen Sie nach Camoins?	- Noch weiter!	1
Schämst du dich nicht, hier mit deinem Freund zu spazieren?	Was für ein Freund?	5
-Hast du das geplannt?	- Mein Knie	1
-Wegen Rich?	-Wegen James!	1
Hat das Hotel auch ein Schwimmbad, Mom?	Ihr solltet jetzt mal los, bevor es noch heißer wird.	5
Du isst bestimmt woanders als wir?	In 'nem besonderen Raum.	5
- Jeannie, hab ich was erzählt?	- Nichts, was sie weiterbringt.	5
Wollt ihr einen Kaffee?	- Heute nicht.	1
Siehst du die Spitze in der Ferne dieses alten Gebäudes?	Meinst du das Dach?	5
Roberta, willst du einen Toast ausbringen?	Sicher.	1
Hat sie dir je was über mich gesagt?	Über dich?	5
- Hatten Sie schon mal was am Rücken?	- Hm?	1
- Nichts von Luke gehört?	- Ich erwarte nicht, was von ihm zu hören.	2
- Werdet ihr es heute Abend lesen?	- Ich werde es lesen.	1
War das Hitler?	- War was Hitler?	5
Wollen Sie ein Taxi nehmen?	Es ist ein schöner Tag.	1
- Habt ihr eine Idee?	- Klingt nicht nach einem Vampir.	5
- Richard, schneidest du den Braten auf?	- Gewiss.	1
- Hat er Talent zum Schreiben?	- Er kann schreiben.	1
Sie ist wirklich schön, nicht wahr?	Sie ist der Hammer, einfach Klasse.	1
- Hey, wollt ihr Sangria?	- Es ist Männerabend!	1
Paul, hatte euer Vater irgendwelche Nierenprobleme?	Ich meine, er musste vier Mal pro Nacht pinkeln, aber... Warte, du denkst das mein Rückenschmerz, nierenbedingt ist, und das mein Vater Nephropathie hatte, so wie mein Bruder?	1
- Können Sie ihm helfen, Sir?	- Ich werde mich bemühen. Major.	1
Hast Du eine Aspirin für mich?	Vielleicht gibt es einen Automaten in der Toilette.	5
- Begleitest du uns zum Essen?	- Niemals.	1
Was haben Sie an der Hand?	- Nur eine Schnittwunde.	1
Wirst du deine Freunde vermissen?	Das sind nicht meine Freunde.	2
Also, lassen wir es die Nacht krachen, nicht wahr, Ladies?	- Wartet.	1
Wusstest du, dass nur 17 Prozent der unter 25-Jährigen letztes Jahr wählten?	Und die dürfen wirklich schon wählen?	5
Ist noch jemand da drin?	Ich weiß nicht.	5
Denkst du, dass es dort voll sein wird?	- Du weißt, dass ich von meinem Zuhause rede, nicht wahr?	5
Und du bist ganz sicher, dass wir gut waren?	Sie waren von uns gefesselt.	2
Wegen deinem Freund?	Geht dich nichts an.	1
Wenn jeder diese Autodinger hat, geht oder la"uft denn dann niemand mehr?	Natu"rlich laufen sie, aber als Sport, zum SpaSS.	1
- Haben wir ein Probe heute?	- Vielleicht.	1
Hast du je erfahren, wer sie war?	Niemals.	1
- Wissen sie, dass da kein Ball ist?	- Natürlich.	1
Weißt du noch, der, den ich hatte, wenn wir uns liebten?	Der mit den sieben Zwergen?	1
- Atmest du, Schatz?	- Ich atme.	1
- War das meine Schuld?	- Hab ich nicht gesagt.	1
Sogar Wölfe?	Ich urteile nicht mehr.	1
Schlenkert sie wie ein Rüssel?	- Ich hüte mich ...	1
Hast du denn auch Schlaf gekriegt?	Ein wenig.	1
Verlässt du mich schon?	- Ich bin verabredet und spät dran.	5
Ich höre, Clyde kommt mit Lucinda?	Sollten jeden Moment ankommen.	1
Also, ja oder nein?	Ich überleg's mir.	1
-Hast du's gelesen?	Ich lese die Zeitung nur spastisch.	1
- Für Eis?	- Für Eis.	1
- Kennst du dich mit Enten aus?	- Ich kenne mich mit Enten aus.	1
Willst du heute Abend mit uns Drapes rumhängen?	Allison Vernon-Williams, steig in dieses Auto.	5
Wählen Sie die richtige Nummer?	Nach 10 Jahren kenne ich Lorelais Nummer.	1
Du kannst bis 8 zählen?	Nur bis 1.	1
Bereit für eine 15 minütige Unterbrechung?	Sorry, Baby, aber ich muss arbeiten.	5
- Erwartest du 'n Anruf?	Dad.	1
Interessiert er sich auch für sie?	Was meinst du?	5
Der See hatte einen Sog?	Nun, E, du solltest dich nicht wegen diesem unbedeutenden Zeug sorgen.	5
Fühlt sich deine Brust wie 'n Ballon an, der Luft verliert?	Eigentlich nicht.	2
Óli, kannst du uns mal bitte kurz in Ruhe reden lassen?	Klar, kein Ding.	1
- Und, vermisst er dich?	- Auf Wiedersehen.	1
Hast du die Behandlung eingestellt?	Ich bestimme über mein Leben!	1
Sind der Cheeseburger und die Pommes fertig?	Weiß ich nicht.	1
- Ist das auch aus "Troja"?	- Es ist von Schiller.	1
Hast du noch andere Fragen?	Eine Kleinigkeit würde mich noch interessieren.	5
(Homer) Rieche ich Muffins?	- Oh. Und ob.	1
Du kannst Selbstverteidigung?	Ich habe schon so einige zu Brei geprügelt.	1
Wie können wir Ihnen dienen, Madame?	In der Küche ist ein Auto.	1
Du brauchst einen Platz zum Schlafen?	Nur für eine Nacht.	1
Heute schon gefüttert?	- Dreimal. Schön.	1
Willst du noch immer keins?	Ich will nicht darüber nachdenken.	5
- Verpasste ich etwas?	- Wie immer, Schatz.	1
- Hat es ihr nicht gefallen?	- Ich habe beschlossen, dass sie mir nicht gefiel.	1
Können wir aufhören zu tanzen?	Wir können, aber Marilyn liegt hinter dir auf der Lauer und wenn wir aufhören, ergreift sie dich, und ich kann nichts mehr für dich tun.	5
Gilt dieser Krach uns?	Ich fürchte schon.	1
- Möchtest du eine Decke?	- Ich muss beim Lesen eingeschlafen sein. Mach mit mir ein Schläfchen.	5
28 Dollar für Salat?	Das ist Dinosaurier-Kohl.	1
- Hochgegangen?	- Explodiert, verdammt!	1
Möchtest du den Aktionären irgendwas sagen, Moss?	Sag bloß hallo.	5
Fangen Sie Diebe?	Zwischen 2 Auslandeinsätzen bin ich Wachmann.	5
Hast du den Ring gekauft?	Siehst du, dass meinte ich mit verantwortungsvoller sein.	1
Wenn ich also loszieh und 'ne Affäre anfange, ist das okay, solange ich mich hinterher wasche?	Absolut!	1
Hey, würdest du am Samstag mit mir zu Abend essen?	Oh, ich kann nicht.	1
Also... bist du schon bereit, zu mir zurückzukommen?	- Friss Scheiße und stirb, Charlie.	5
- Bist du Eifersüchtig?	- Oh bitte.	1
- Ist es in Ordnung wenn ich euere Toilette benutze?	- Wir haben keine.	1
Du hast dir mich vorgestellt?	Aus der Geschichte. Das Freibeuter-Schiff.	1
zahlen Sie 150 dollar für diesen schönen Fernseher?	- Funktioniert er?	5
- Gehen Sie nicht ran?	- Ich bin hier noch nicht fertig.	5
So soll es also enden, Mom?	Hauptsache, es endet überhaupt.	1
- Und Fahrtkosten?	- Auf eigene Kosten.	1
Noch eine Fangfrage, stimmt's?	Mach das Fenster auf.	5
- Und hast du die 10.000 gekriegt?	- Würd ich dann in dieser Bude wohnen?	5
Addy Carver, haben Sie verstanden?	Alles klar.	1
Bist du bereit, Bud?	- Bin bereit, Dad.	1
Also, hast du was dabei?	Warte.	1
Jeannie, gibst du ihm bitte eine Haushälterin?	Selbstverständlich, Meister.	1
- Wird das eine Narbe?	- Wahrscheinlich.	1
- Das machst du?	- Ich habe dich noch nie angelogen.	1
Können Sie das noch mal sagen?	- Licht an!	1
Hast du irgendeine Ahnung?	Vielleicht.	1
Und haben Sie diese Doktorhexe gefunden, die mich fast umgebracht hätte?	Doctor Merch?	5
Er hat doch heute Geburtstag?	Oh, Papa hat Geburtstag und wir haben nichts gekauft.	1
Billy und Gene, hört ihr mich?	Ich hab als Kind mal geklaut.	5
- Kriege ich das Buch?	Darüber reden wir, wenn ich Bares sehe.	1
Bist du heute Abend zu Hause?	Wenn du das möchtest.	1
Hast du noch nicht genug?	Ich sagte, mach mir mal 'nen Drink!	5
- Der Tank ist leer?	Der ist halbvoll!	1
Kennst du Mr. Peanutbutter's House?	die zufällig genau dieselbe Handlung wie meine hatte?	5
- Du hast Größe 44, stimmt's, Dodge?	- 45.	1
- Du hast mich reingelegt?	- Essam, geh.	1
Hat er dir nicht wehgetan?	Der Typ ist mir scheißegal.	5
- Ist sie cool?	- Klar, ist sie cool.	1
Etwas geräucherte Pfauenbrust, vielleicht?	Warum eigentlich nicht?	5
Dann seid ihr nicht zusammen nach Hause gefahren?	Lange Geschichte und es ist schon spät.	6
Dann ist es wohl allein raufgeklettert?	Luke, auf jedem Dach in jeder Vorstadt in Amerika liegt 'ne Frisbee-Scheibe.	1
Mal daran gedacht, dass ich vielleicht nur uns beide gemeint hab, als ich fragte, ob wir zusammen abhängen?	War mir nicht sicher.	1
Hast du kein Kopfweh?	Meine sanfte Augustine pflegte mich wie einen Genesenden und bereitete mir köstliche Speisen zu, denen leider immer ein großer Löffel Lebertran voranging.	5
- Gefällt's dir?	- Lass mich kurz drüber nachdenken?	5
glaubst du wirklich, du wurdest mit einem MuttermaI geboren, das wie ein blitz aussieht?	Das ist das Zeichen meiner Kraft, Katze.	1
Sind Sie allein, Abigail?	Sozusagen.	1
Hattet ihr einen lustigen Spaziergang?	Einen Spaziergang?	5
"Echtes Kunstwerk ist zu euch gekommen, Nachbarn." Holen wir auch einen Geigenspieler?	Vernachlässige es auf keinen Fall.	1
Äh, Kimmy, kann ich mal mit Steph allein reden?	Ich verschwinde.	5
- Ihr wollt also ein Fotostudio eröffnen?	- Mal sehen, hoffentlich.	1
Matt, bist du in Ordnung?	Könnte nicht besser sein.	5
- Möchtest du was trinken?	- Später vielleicht.	1
- Du bist Vinnie Chase's Bruder, richtig?	- Das stimmt.	1
Kannst du mir versprechen, dass das nie wieder passiert?	Die erste Liebe geschieht nur einmal, E.	1
Sollen wir uns was Gutes für unsere Körper gönnen?	- Klar.	1
- Könnten wir bitte den Schlüssel haben?	Wo ist der Schlüssel, ooo...	5
Du hasst mich, oder?	Wieso sollte ich dich hassen?	5
Du sagst uns, wenn du etwas auf dem Herzen hast?	Ehrlich, es ist nichts.	1
Du willst immer noch zu ihr zurück?	Mittens, sie ist mein Mensch.	1
- Ich muss jetzt ja" sagen, oder?	" - Weiß nicht.	1
Tut es dir jetzt leid, dass Ururgroßvater so ein Versager gewesen ist?	Er war kein Versager.	1
Sind das meine Initialen?	Ich sagte doch, sie gehört dir.	1
- Bei dem Essen morgen bleibt es?	- Klar.	1
Hast du alles vergessen, das ich dir beigebracht habe?	Ich habe es versucht, genau wie du es mir gezeigt hast, aber er war zu stark.	5
- Komm ich zu früh?	- Ein bisschen.	1
- Hat Dad gestern auch so viel getrunken?	- Oh, er hat mich angestiftet!	1
Versuchst Du mich in eine Sekte zu bringen?	Robin, Mike mag Dich.	5
- Es tut 'n bisschen weh, nicht?	- 'n bisschen ist absolut untertrieben.	1
- Warst du schon bei Grandma?	- Ich wollte gerade reingehen.	5
Sind Sie gefeuert?	Nicht unbedingt.	1
Bouzigue, bist du sicher, das das auch legal ist?	Was tun wir denn Schlechtes?	5
Ist deine Freundin da?	Ist da.	1
Darf ich mit Ihrer Dame tanzen?	Sie tanzt nicht, sie ist auf Strümpfen.	5
- Du nicht am Tisch essen wollen?	- Ich mag Kaminfeuer, aber der Tisch hat auch seinen Reiz...	1
- Könnten wir das jetzt beenden, bitte?	- Gern.	1
Du hast an eine Kirche gepinkelt?	Ich habe in einer Gasse gepinkelt, die wie sich herausstellte eine Kirche hat. Die ich nicht gesehen habe weil ich betrunken war.	1
- Amüsiert ihr euch?	- Nun, das haben wir, aber Eric lehnt es ab, mit mir zu tanzen.	1
- Können Sie das Bein retten?	- Ich fürchte nicht, General.	1
Todd hat dir 'n Tanga aufgezwungen?	Ich kam mir vor wie ein Schwimmer bei der Olympiade.	1
- Hey, wollen wir los?	Sicher, ohne uns wird das kein richtiger Tanz!	5
Liebst du irgendetwas oder irgendjemanden?	Ich muss los.	5
Hast du mir da was reingemischt?	Wenn es das ist, was du brauchst, hab ich's getan.	5
Hörst du mir zu, Mama?	Ich kann jetzt nicht, mein Schatz.	5
Denkst du er wird es mögen?	Er würde es lieben!	1
Heißt das, dass ich kein Eis mehr essen darf?	Ich kauf dir gleich 'ne extragroße Kugel.	5
Wir werden diese Kerle aufhalten, richtig?	Keine Sorge, Bobby, wir kriegen sie.	1
Wird er da nicht durchbrechen?	Wir halten es eben näher am Boden.	1
- Zeliha, liebst du mich?	- Ha?	1
Gehst du auch manchmal hinter die Absperrung und berührst die Glocke?	Die ganze Zeit.	1
Ist wieder alles ok?	So halbwegs.	1
Magst du Süßigkeiten?	Klar doch!	1
- Brauch ich dafür 'nen Zauberstab?	- Ich glaube, du schaffst das auch ohne.	1
Sherman, kennen Sie Aubrey Buffing?	Wie so viele von uns. Bis der Tod uns in seine Arme nimmt und uns mit dem Lebensfieber verbrennt. Wie Don Juan stößt er uns in die Hölle.	5
Wir reden doch über Penisneid?	Über was Sie wollen.	1
Warte, du hast die Dekoration bei Doose's gekauft?	- Ich wusste nicht, wo sonst.	1
Bist du bereit, dein Leben darauf zu verwetten?	Habe ich bereits.	1
Haben Sie nicht gesagt, eines Tages dürfte ich ihn vielleicht lesen?	Ach, Sie wollen ... seinen Brief?	5
- Morgen dann?	- Wir können auf jeden Fall drüber reden.	1
Hättest du echt die RER genommen?	Was glaubst du denn?	5
Hey, gibt's warme Suppe?	Aha, Babyface kommt.	1
- Sharon Stone sagte das?	- Absolut.	1
- Du isst einen Apfel?	- Tut mir Leid.	1
- Wollen Sie solange im Wagen warten?	- Danke, Major.	1
- Sollen wir zum Begräbnis hingehen?	- Er war sehr still am Telefon.	1
Bin ich wieder schuld?	Dann hüpf nicht rum wie Heidi auf den Alpen mit Hormonstau.	5
- Tut es sehr weh?	Das hoffe ich.	1
- Akzeptieren Sie MasterCard?	- Natürlich.	1
- Kommst du zu mir?	- natürlich. (Menge jubelt)	1
Trennen wir uns etwa?	Was?	5
- Haben Sie da ein Haustier drinnen?	- Ich bin allergisch gegen Haustiere.	1
Er hat dich geküsst?	- Halt die Klappe!	1
- Per Hand?	Nicht mit unserer Hand.	1
- (grölend) "Bauarbeiter der Hölle!" Klingelt es da?	Ich weiß nicht, wovon Sie sprechen.	5
Marty, sind die Zeitschaltkreise an?	Sind klar!	1
Verstehst du auf was ich hinaus will?	Barney, ich denke nicht so.	1
- Schon mal Enten zubereitet?	- Ich kriege das hin, keine Sorge.	1
- Hey Arturo, ist Doug da?	- Ich fürchte nicht.	1
- Wir machen nächsten Freitag eine Party?	- Jetzt machen wir eine.	1
Versucht er dich auch aus der Wohnung rauszuschmeißen, Tante Efkoptia?	- Er sagt, er schmeißt mich raus.	1
- Willst du welche?	- Vergiss es, Fleischfresser!	1
Sind Rose und das Baby alleine zuhause?	Lieber Joseph, noch nie habe ich eine Mitternachtsmesse verpasst.	5
- Weißt du Mamas Geburtstag nicht?	- Doch, natürlich.	1
Waren Sie zufrieden?	Es war ausgezeichnet, wie immer.	1
Können Sie ihr vergeben?	Ich schätze schon.	1
Sie meinen, Sie haben gar keine Affäre mit meiner Tochter?	Natürlich nicht.	1
Wollen wir auf dem Klo ficken?	Was hast du gesagt?	5
Hatte ich dir schon mal von meiner Witwen-Fantasie erzählt?	Unverschämt!	1
Oder ist er fremdgegangen?	Mit meinem besten Freund.	1
Würdest du sie gerne treffen?	- Oh, mein Gott, meinst du es ernst?	5
- At Guhmail... du meinst Gmail?	- Oh, so wird das also ausgesprochen?	1
Tonnenweise Omega... 3. Weißt du, was das ist?	Das schützt das Herz.	1
Stimmt es, dass du einige medizinische Kenntnisse hast?	- Äh... wo hast du denn das gehört?	5
Trutmanns wegen?	Ihretwegen.	1
Hast du eine bessere Erklärung?	Die Regierung oder die Armee, muss etwas getestet haben, dass man nicht hätte testen sollen. Was?	5
Reden wir mit ihr?	Ich glaube, das tun wir nicht.	1
Wissen Sie, was da drin ist?	Himmelswasser.	1
Geht's der Leber wieder besser?	- Viel besser.	1
Bist du sicher, dass wir unbedingt Anzüge tragen müssen?	Was willst du sonst zu einer Bat Mitzvah tragen?	5
Glauben Sie etwa an Geister, Sir?	Gestern nicht, aber heute schon.	1
- Hab ich sie erwähnt?	Das ist nicht der Punkt.	5
Trägst du da ein Armband?	Das ist ein "Giggity" -Band, Lois.	1
Lorelai ist da, du kannst nicht reden?	Absolut.	1
Wissen Sie, wie diese Rosen heißen, gnädige Frau?	Das sind die Königsrosen.	1
Ist nächsten Mittwoch dein Geburtstag?	Hmm, das wusste ich nicht.	1
Gibt es denn einen Job?	Ich dachte, du bist kein Vater der Druck macht?	5
Nadine, hast du Ahnung von Digitalkameras?	- Roy vielleicht.	1
Sie haben ihren hohen Blutdruck nicht bemerkt?	Der diastolische Wert war normal.	1
- Du hasst die Schlafzimmermöbel?	- Ich hasse sie wirklich.	1
Gefällt Ihnen nicht?	- Ihre Haare sind nass.	5
Seid ihr wieder zurück?	Ich bin wieder zurück.	1
- Erregt Sie das?	- Weiß nicht.	1
- Hat jemand die Käfige aufgelassen?	- Ich nicht.	1
- Haben wir uns schon gesehen?	- Öfter schon.	1
verstanden'?	Okay!	1
- Kein Kalifornien mehr?	- Colorado ist das neue Kalifornien.	1
Er wird sich wirklich hier mit uns treffen?	Hör auf, so viele verdammte Fragen zu stellen.	5
Verdächtiges Individuum in Gang 2. Kannst du mal nachsehen?	Schon unterwegs.	1
- Können wir Maria 'ne Karte besorgen?	Ihr seid stoned.	1
- Kann ich einen Schluck ab haben?	- Wer zum Teufel bist du denn? !	5
- Hat dir Luke nichts davon erzählt?	- Wovon?	5
- Weißt du, wo unser Schiff ist?	- In Zartogs Palast.	1
Hörst du das Klingeln etwa nicht?	Das ist Lilly's Aufgabe.	5
- Du hast doch gespielt, oder?	- Natürlich.	1
War das gegen mich gerichtet?	Ich habe nicht zugehört.	2
Schinken-Käse-Sandwich, Frank?	- Danke, Miss.	1
(Seufzt) Ok, das ist kein Weltuntergang, richtig?	Ich meine, sie ist jung, junge Menschen machen Dummheiten.	1
Äußerten Sie Ihren Wunsch schon, Mr. Shahbandar?	Noch nicht. Ich warte lieber ab.	5
Besser als Sex, oder?	Was ist?	5
- Satt?	- Ganz recht!	1
Rufen Sie deswegen an?	Wahrscheinlich nicht.	1
Du hast die ganzen 50 Dollar gesetzt?	Ich habe getan, was du wolltest.	1
- Deckst du den Tisch?	Ok, aber zuerst muss ich dir was Aufregendes erzählen.	5
- Kommen Sie bei Audrey vorbei?	- Kann ich.	1
Hast du ihm gesagt, wer du bist?	- Ich kenne ihn nicht mal.	5
Du willst für drei Monate in den Sudan?	Nicht nur dahin.	1
Kann ich den Leuten meine Karte geben, wenn sie danach fragen?	Wenn sie fragen, gib ihnen deine Karte.	1
Barney macht das hier?	- Jeden Sonntag, das ganze Jahr.	1
Erinnerst du dich, als du auf Titan warst?	Natürlich.	1
- Seid Ihr wohlauf?	- Einigermaßen, aber ich schlafe nicht.	1
Kriegen Sie mich wieder gesund?	- Ihre Tasche!	1
Aber du hast gestern zwei erledigt, kannst du den Tag nicht freinehmen?	Randy, ich kann mich nicht auf dem Jahrmarkt amüsieren, bevor ich etwas ausgestrichen hab.	5
Glauben Sie, sie hätte eingewilligt?	Frauen können sehr solidarisch sein.	1
- Ist das ein Geigenspieler?	- Was meinst du? Was hat er in der Hand?	5
Haben Sie schon mal einen Knallfrosch in einen Teich geworfen?	Schon möglich. Wieso?	5
Ist das nicht ergreifend schön?	Bist du ein Vampir?	5
- Würdest du für mich singen?	- Gerne.	1
Kann ich Jungs auf meinem Zimmer haben?	Das sollten wir von Fall zu Fall entscheiden.	1
Geht das bis zum Tod?	Wir sollten es einfach heraus finden.	1
- Können wir das jetzt ruhen lassen?	- Ruhen?	1
Passen die Kleider?	Alles auSSer den Stiefeln.	1
Bist du immer noch sauer auf mich, weil ich euch beim Abendessen versetzt habe?	Ich bin nicht sauer auf dich.	5
Sie haben Jules Verne gelesen?	-Ich bewundere Jules Verne.	1
Glaubst du, die Brücke hält den Truck aus?	Das sollten wir vorher lieber testen.	1
Und er ist wichtig, nicht?	- Er ist der größte Teilhaber.	1
Du wolltest mal alles loswerden, oder?	Es ist grässlich, nichts mehr von ihm zu hören.	5
Hast du deine Mutter wegen Vineyard angerufen?	- Auf der Liste.	1
Spürt jeder sein Herz?	Meins schlägt ganz schnell.	1
Wärst du so lieb und fährst mich drei Monate lang überall hin?	Schatz. Ich habe viel zu tun.	5
Sieht er noch genauso aus?	Gerade bin ich nicht mehr so sicher.	5
- Kirk, ist der Fernseher noch an?	- Oh, hab's vergessen.	1
Weißt du auch Bescheid?	Bescheid über was?	5
- Soll er Kapitän Ahab sein?	- Ich glaube, er ist der Albino-Pottwal.	1
Weißt du, was sie sagen?	"Warum lebt dein Ehemann noch?"	5
Hallo, mögt ihr Socken?	Wir verkaufen Socken.	1
- Dad, lässt du mich bitte in Ruhe?	- Tschüss, Schatz.	1
Nicht sicher?	- Die Zeichen sind gemischt.	1
- Näht Lorelai die Kostüme?	- Klar, natürlich.	1
Heißt das, sie haben das Schiff gebaut?	Das werden wir nie erfahren, aber sie haben es zurückgebracht.	1
Sie haben Angestellte, oder?	- Sicher.	1
- Du hast es?	- Ich hab's!	1
Sie haben Kinder?	Eins ist adoptiert, das andere ist von meiner Partnerin.	1
Ist Ihnen klar, dass Sie hip sind?	Mir ist klar, dass ich hip bin, und ich muss sagen, Colin, ich war schon immer hip.	1
Kann ich ein Heineken bekommen, bitte?	- Was, verdammt nochmal, willst du?	5
-Du bist nicht Moby, oder?	-Wer?	5
Ist er unser Freund?	Das will ich hoffen.	1
Du hast es deinen Freunden erzählt?	Als hätten Sie das nicht auch getan.	1
Wirkten die Leute hungrig?	Was?	5
Hey, Dodge, findest du, ich bin heiß?	- Hält sich in Grenzen.	1
Sonntag mit Rocco?	Klar.	1
- Wollen Sie da einfach so rumsitzen?	- Ich soll hier sitzen, bis Sie weg sind.	5
Hast du 'ne Zigarette für mich?	- Papa, ich rauche doch nicht.	5
Mom, du stimmst nicht wirklich gegen Dad, oder?	Schätzchen, es ist für die Meisterschaft.	1
- Bist du besorgt wegen Braden?	- Du wegen Frankie?	5
Aha, jetzt bist du nicht so hart, was?	Diese Spiele sind verdammter Mist.	5
Kennen Sie irgendwelche Lesben?	Ich glaub, schon.	1
- Mann, zwischen uns passt alles, oder?	- Ich weiß nicht, Sam.	1
- Muss ich eine Spritze kriegen?	- Natürlich nicht.	1
- Willst du mein Partner sein?	- Entschuldige, ich mach das mit Coach.	5
- Oh, du gehst da also hin?	- Mein Vater hat's befohlen.	1
- Haben Sie was gefunden?	- Sein Blut scheint in Ordnung.	1
- Langer Abend?	- Was interessiert's dich?	5
War es eben noch hier?	Ich habe nicht darauf geachtet.	5
- Hast du Hunger?	- Ich trinke bloß einen Kaffee.	1
Kann ich es lesen?	wenn er es durch hat.	1
Glaubst du wirklich, Barry merkt es, ob du wirklich jodelst?	Dieser Planet liegt auf der Seite seines guten Ohres.	1
Wissen Sie, ob Murphy noch am Leben ist?	Soweit wir wissen.	1
- Muss ich packen?	- Du musst überhaupt nichts.	1
- Kommst du mit uns?	- Wenn es in Ordnung ist.	1
Du hast im Dachgeschoss gebohnert?	Das findest du schlimm?	5
- Willst du nicht lieber eine SMS schicken?	Dafür ist es ein wenig zu lang.	5
Willst du riechen?	Nicht nötig.	1
- Wolltest du nicht zu deiner Mutter?	- Soll ich als Erste dort aufkreuzen?	5
- Du sorgst dich wirklich, oder?	- Aber natürlich.	1
- Sind Sie der Doktor?	- Das stimmt. Cool.	1
Habt ihr jemals einen Blick in die Särge geworfen, die ihr tragt?	Das sind keine Särge, das sind Kisten!	1
-Brauchten Sie den Wagen an dem Abend?	-Wann?	5
Glauben Sie immer noch, hier gibt's Dinosaurier?	Dieser Ort ist einfach unheimlich.	1
Hast du das Mädchen gesehen?	Und jetzt kommt der schwierige Teil.	5
Ist dein Bodyguard heute nicht da?	Fick dich.	5
- Können wir ihn zurückverfolgen?	- Er ist verschlüsselt.	1
- Er kommt nicht runter?	- Er hat mich gebeten, Sie hochzuschicken.	1
Sehen wir dich morgen Früh?	- Weswegen?	5
Haben wir einen Treffer?	- Haben wir nicht.	1
Ist dir was passiert, Zeliha?	Nicht doch.	1
- Geht ihr jetzt einkaufen, Emily?	- So was Ähnliches.	1
Es ist genug zu essen da, oder?	Habe ich genug gemacht? Es reicht, selbst für die zusätzlichen Gäste.	1
War Dad sehr sauer, als er die Küche gesehen hat?	Nun, das wirst du selbst sehen können, wenn D.J.'s Fotos entwickelt sind.	1
- Kann Dad tanzen?	Wie ein engel.	1
Das ist deine Antwort?	Was, nicht genug Liebe?	5
Können wir jetzt bitte gehen?	Drachenkrieger!	5
Finden Sie es nicht auch sehr heiß?	Die Frage beantwortete ich schon, Miss.	5
Sag mir, ist sie eine Sängerin, so wie du?	- Was?	5
Das ist doch ein Spinnenbiss, oder?	Ich bin nicht sicher.	1
- Nicht nass werden lassen?	Genau.	1
Ist Sie okay?	Nun, Sie nähen Sie wieder zusammen.	5
Kommst du?	- Ich gehe ins Bett.	1
Aufseher?	Nicht wirklich.	1
Ihr bleibt doch nur 3 Tage, oder?	Ganz richtig, kleiner Bruder, ganze 3 Tage.	1
Hat einer von euch ein Raumschiff?	Es ist einfach nicht mehr dasselbe ohne Bender, der mir Gesellschaft leistet.	5
- Hätten Sie Interesse?	- Oh, tja, vielleicht.	1
Hey, hast du Mom gefunden?	Ich habe meine Fühler überall ausgestreckt.	1
Hilfst du mir mit dem Gepäck, Otis?	Ich bin doch kein Page.	5
Kannst du mir vielleicht etwas Geld leihen?	Warum fragst du nicht deine Freundin?	5
Du hast meinen Artikel gelesen?	Ich habe ihn bloß überflogen.	1
Dir mein Gesäß ansehen?	Hast mich vor dem Altar verlassen.	1
- Du hast eine Schnalle bei dir, oder?	- So einfach ist die Sache nicht.	5
- Steht eine schüssel drauf?	- Er hat einen eigenen SateIIiten.	1
- Benutzt ihr den Salon?	Selbstverständlich nicht.	1
Kiffst du?	Ich war eher die Brave in der High School.	1
Kannst du mal aufhören im Internet nach Diagnosen zu surfen?	Auf keinen Fall.	1
Mein Freund, kannst du für die Eröffnung auch etwas Klassisches spielen?	Natürlich.	1
Glaubst du, du kannst mit Onkel Jeff und Tante Sue reden?	Oh, das ist schon möglich.	1
- Kann ich dir helfen, Mama?	- Du weißt doch, alles ist fertig.	1
Können wir jemand rufen, der das Dach und den Fernseher reparieren kann?	Schätzchen, dein Daddy will's noch einmal versuchen.	5
- Haben Sie sie hier gesehen?	Wovon redest du?	5
Ach, bist du sauer, weil ich den letzten Eiswürfel genommen habe?	So was in der Art.	1
Habt ihr euch getrennt oder so?	So was in der Art. Hast du ihn gesehen?	5
- Sind wir genesen?	- natürlich nicht.	1
Hat jemand Deo?	Oh, ich habe Fisherman's Friend und Kondome.	1
Dad, hat dein Mann auch erwähnt, was in dem Artikel so steht?	Er hat ihn nicht gelesen.	5
Möchtest du mit mir tanzen?	Sehr gern.	1
- Seid ihr eine Band?	- Klar.	1
Macht das die Dinge für dich klarer?	Ich glaube, es muss realer wirken, wisst ihr, was ich meine?	5
- Ist sie nicht unnatürlich süß?	- Sie schmeckt nach Grapefruit, Emily.	1
